{
  "data": {
    "clientes": [
      {
        "apellido": "Bedoya Gómez",
        "direccion": "C/ Juan de Juni 70 45542 Toledo",
        "dni": "BF056820",
        "fechaRegistro": 1768498811287,
        "id": 12,
        "nombre": "Alejandro",
        "telefono": "681903256"
      },
      {
        "apellido": "Padilla Argudo",
        "direccion": "C/ Junquera 21 45680 Toledo",
        "dni": "70411021V",
        "fechaRegistro": 1768498279829,
        "id": 10,
        "nombre": "Antonio",
        "telefono": "642599036"
      },
      {
        "apellido": "de la Cruz garabito",
        "direccion": "C/ Lepanto 45 45684 Toledo",
        "dni": "02711173w",
        "fechaRegistro": 1767456010947,
        "id": 1,
        "nombre": "Cristofer",
        "telefono": "603 23 44 72"
      },
      {
        "apellido": "Blanco Lopez",
        "direccion": "C/ Ciudad real 58 45530 Toledo",
        "dni": "50766332L",
        "fechaRegistro": 1768499088888,
        "id": 13,
        "nombre": "David",
        "telefono": "667725254"
      },
      {
        "apellido": "Ferrer Fernández",
        "direccion": "C/ universidad 25 28021 Madrid",
        "dni": "73590986W",
        "fechaRegistro": 1767639331334,
        "id": 8,
        "nombre": "Francisco",
        "telefono": "642907601"
      },
      {
        "apellido": "Barrios Zapata",
        "direccion": "C/ Escalona II 7B 45542 Toledo",
        "dni": "04216854b",
        "fechaRegistro": 1768845154165,
        "id": 14,
        "nombre": "Gustavo",
        "telefono": "624740085"
      },
      {
        "apellido": "Mocanu",
        "direccion": "C/ Los Olivos 4 45542 Toledo",
        "dni": "X9930366R",
        "fechaRegistro": 1767638356148,
        "id": 6,
        "nombre": "Ionela",
        "telefono": "642227418"
      },
      {
        "apellido": "Perdones Muñoz",
        "direccion": "C/ La Froga 19 45680 Toledo",
        "dni": "04191550F",
        "fechaRegistro": 1767638628440,
        "id": 7,
        "nombre": "Miguel Ángel",
        "telefono": "642952043"
      },
      {
        "apellido": "Gómez de las Cabadas",
        "direccion": "C/ Talavera 26",
        "dni": "15502453Q",
        "fechaRegistro": 1767639592848,
        "id": 9,
        "nombre": "Rocio",
        "telefono": "698718964"
      },
      {
        "apellido": "El Aouajiel Amrany",
        "direccion": "C/ Santos Mártires 24 3a 45600 Toledo",
        "dni": "02333747Y",
        "fechaRegistro": 1768498512183,
        "id": 11,
        "nombre": "Tarek",
        "telefono": "610956404"
      },
      {
        "apellido": "García de la Cruz",
        "direccion": "C/ Angel 19 45680 Toledo",
        "dni": "04221055A",
        "fechaRegistro": 1767637596574,
        "id": 5,
        "nombre": "Tomas",
        "telefono": "692878974"
      },
      {
        "apellido": "Santamaria Fernández",
        "direccion": "C/ Santander 607 45542 Toledo",
        "dni": "00678288H",
        "fechaRegistro": 1767637077409,
        "id": 4,
        "nombre": "Vicente",
        "telefono": "642599036"
      },
      {
        "apellido": "ionut calin",
        "direccion": "C/ alcalde don miguel Ángel Palencia 26\n45542 Toledo",
        "dni": "Y4793686V",
        "fechaRegistro": 1767544791744,
        "id": 3,
        "nombre": "lucian",
        "telefono": "642902475"
      }
    ],
    "facturas": [
      {
        "clienteId": 14,
        "fecha": 1769000360470,
        "filePath": "invoices/Factura_FAC-0000017.pdf",
        "id": 19,
        "itemsJson": "[{\"description\":\"Pantalla redmi 13 c\",\"quantity\":1,\"unitPrice\":18.0},{\"description\":\"Cambio de pantalla \",\"quantity\":1,\"unitPrice\":30.0},{\"description\":\"Servicio a domicilio \",\"quantity\":1,\"unitPrice\":10.0}]",
        "notes": "Pago Efectivo \nGarantía 3 meses",
        "numero": "FAC-0000017",
        "total": 70.18
      },
      {
        "clienteId": 1,
        "fecha": 1767811252939,
        "filePath": "invoices/Factura_FAC-0000016.pdf",
        "id": 14,
        "itemsJson": "[{\"description\":\"Pantalla iPhone 13 pro máx \",\"quantity\":1,\"unitPrice\":36.0},{\"description\":\"Cambio de pantalla \",\"quantity\":1,\"unitPrice\":35.0}]",
        "notes": "Pago Efectivo\n3 meses de garantía ",
        "numero": "FAC-0000016",
        "total": 85.91
      },
      {
        "clienteId": 1,
        "fecha": 1767283406947,
        "filePath": "invoices/Factura_FAC-0000015.pdf",
        "id": 1,
        "itemsJson": "[{\"description\":\"Cambio de pantalla iPhone 13 pro máx \",\"quantity\":1,\"unitPrice\":35.0},{\"description\":\"Cambio de pantalla S24\",\"quantity\":1,\"unitPrice\":35.0},{\"description\":\"Cambio modulo de carga A05S \",\"quantity\":1,\"unitPrice\":25.0},{\"description\":\"Módulo de carga A05S \",\"quantity\":1,\"unitPrice\":4.0},{\"description\":\"Pantalla S24\",\"quantity\":1,\"unitPrice\":49.0},{\"description\":\"Pantalla iPhone 13 pro máx \",\"quantity\":1,\"unitPrice\":36.0}]",
        "notes": "Pago Efectivo\nGarantía 3 meses",
        "numero": "FAC-0000015",
        "total": 222.64
      },
      {
        "clienteId": 3,
        "fecha": 1766079878791,
        "filePath": "invoices/Factura_FAC-0000014.pdf",
        "id": 5,
        "itemsJson": "[{\"description\":\"Cambio joystick PS5 \",\"quantity\":1,\"unitPrice\":30.0}]",
        "notes": "Pago Efectivo\n3 meses Garantía",
        "numero": "FAC-0000014",
        "total": 36.3
      },
      {
        "clienteId": 3,
        "fecha": 1764261701066,
        "filePath": "invoices/Factura_FAC-0000013.pdf",
        "id": 3,
        "itemsJson": "[{\"description\":\"Cambio hdmi + limpieza interna PS5 \",\"quantity\":1,\"unitPrice\":95.0}]",
        "notes": "Pago Efectivo ",
        "numero": "FAC-0000013",
        "total": 114.95
      },
      {
        "clienteId": 5,
        "fecha": 1758648739231,
        "filePath": "invoices/Factura_FAC-0000012.pdf",
        "id": 8,
        "itemsJson": "[{\"description\":\"Pantalla A52S\",\"quantity\":1,\"unitPrice\":43.91},{\"description\":\"Cambio de pantalla \",\"quantity\":1,\"unitPrice\":35.0}]",
        "notes": "Pago Bizum",
        "numero": "FAC-0000012",
        "total": 95.4811
      },
      {
        "clienteId": 13,
        "fecha": 1755621992981,
        "filePath": "invoices/Factura_FAC-0000011.pdf",
        "id": 18,
        "itemsJson": "[{\"description\":\"Pantalla S22 Ultra \",\"quantity\":1,\"unitPrice\":228.0},{\"description\":\"Bateria S22 Ultra \",\"quantity\":1,\"unitPrice\":24.95},{\"description\":\"Montaje \",\"quantity\":1,\"unitPrice\":70.0}]",
        "notes": "Pago Efectivo y Bizum ",
        "numero": "FAC-0000011",
        "total": 390.7695
      },
      {
        "clienteId": 5,
        "fecha": 1753378475354,
        "filePath": "invoices/Factura_FAC-0000010.pdf",
        "id": 9,
        "itemsJson": "[{\"description\":\"Pantalla con marco A14 \",\"quantity\":1,\"unitPrice\":41.91},{\"description\":\"Cambio de pantalla\",\"quantity\":1,\"unitPrice\":40.0}]",
        "notes": "Pago Efectivo y Bizum",
        "numero": "FAC-0000010",
        "total": 99.1111
      },
      {
        "clienteId": 7,
        "fecha": 1752860733791,
        "filePath": "invoices/Factura_FAC-000009.pdf",
        "id": 11,
        "itemsJson": "[{\"description\":\"Pantalla A12\",\"quantity\":1,\"unitPrice\":24.0},{\"description\":\"Cambio de pantalla \",\"quantity\":1,\"unitPrice\":30.0}]",
        "notes": "Pago Efectivo",
        "numero": "FAC-000009",
        "total": 65.34
      },
      {
        "clienteId": 6,
        "fecha": 1752774069977,
        "filePath": "invoices/Factura_FAC-000008.pdf",
        "id": 10,
        "itemsJson": "[{\"description\":\"Pantalla Redmi 12\",\"quantity\":1,\"unitPrice\":20.0},{\"description\":\"Cambio de pantalla \",\"quantity\":1,\"unitPrice\":30.0}]",
        "notes": "Pago Efectivo ",
        "numero": "FAC-000008",
        "total": 60.5
      },
      {
        "clienteId": 4,
        "fecha": 1752772978839,
        "filePath": "invoices/Factura_FAC-000007.pdf",
        "id": 7,
        "itemsJson": "[{\"description\":\"Mantenimiento Pc\",\"quantity\":1,\"unitPrice\":29.0}]",
        "notes": "Pago Efectivo ",
        "numero": "FAC-000007",
        "total": 35.09
      },
      {
        "clienteId": 8,
        "fecha": 1752083818278,
        "filePath": "invoices/Factura_FAC-00006.pdf",
        "id": 12,
        "itemsJson": "[{\"description\":\"Pantalla Realme C30\",\"quantity\":1,\"unitPrice\":23.72},{\"description\":\"Cambio de pantalla \",\"quantity\":1,\"unitPrice\":30.0}]",
        "notes": "Pago Efectivo ",
        "numero": "FAC-00006",
        "total": 65.0012
      },
      {
        "clienteId": 9,
        "fecha": 1748628098798,
        "filePath": "invoices/Factura_FAC-000004.pdf",
        "id": 13,
        "itemsJson": "[{\"description\":\"Pantalla Tab A7\",\"quantity\":1,\"unitPrice\":30.31},{\"description\":\"Cambio de pantalla \",\"quantity\":1,\"unitPrice\":25.0}]",
        "notes": "Pago Bizum ",
        "numero": "FAC-000004",
        "total": 66.9251
      },
      {
        "clienteId": 12,
        "fecha": 1748623294355,
        "filePath": "invoices/Factura_FAC-000005.pdf",
        "id": 17,
        "itemsJson": "[{\"description\":\"Pantalla Huawei Y9 + Batería \",\"quantity\":1,\"unitPrice\":40.0},{\"description\":\"Cambio de pantalla y batería \",\"quantity\":1,\"unitPrice\":35.0}]",
        "notes": "Pago Efectivo ",
        "numero": "FAC-000005",
        "total": 90.75
      },
      {
        "clienteId": 4,
        "fecha": 1747848090642,
        "filePath": "invoices/Factura_FAC-000003.pdf",
        "id": 6,
        "itemsJson": "[{\"description\":\"Pantalla S21 Ultra \",\"quantity\":1,\"unitPrice\":120.0},{\"description\":\"Cambio de pantalla \",\"quantity\":1,\"unitPrice\":60.0}]",
        "notes": "Pago Bizum ",
        "numero": "FAC-000003",
        "total": 217.8
      },
      {
        "clienteId": 11,
        "fecha": 1746722195808,
        "filePath": "invoices/Factura_FAC-000002.pdf",
        "id": 16,
        "itemsJson": "[{\"description\":\"Pantalla iPhone 11\",\"quantity\":1,\"unitPrice\":44.2},{\"description\":\"Cambio de pantalla \",\"quantity\":1,\"unitPrice\":27.0}]",
        "notes": "Pago Efectivo ",
        "numero": "FAC-000002",
        "total": 86.152
      },
      {
        "clienteId": 10,
        "fecha": 1746117168985,
        "filePath": "invoices/Factura_FAC-000001.pdf",
        "id": 15,
        "itemsJson": "[{\"description\":\"Pantalla Moto G54\",\"quantity\":1,\"unitPrice\":20.0},{\"description\":\"Cambio de pantalla \",\"quantity\":1,\"unitPrice\":30.0}]",
        "notes": "Pago Efectivo ",
        "numero": "FAC-000001",
        "total": 60.5
      }
    ],
    "reparaciones": [
      {
        "clienteId": 14,
        "codigoPin": "patrón una G",
        "costoEstimado": 70.0,
        "costoFinal": 70.0,
        "descripcionProblema": "Pantalla rota",
        "descripcionSolucion": "Cambio de pantalla",
        "estado": "LISTO",
        "fechaAdmision": 1768845215551,
        "fechaEntrega": 1769464755406,
        "id": 18,
        "marca": "redmi",
        "modelo": "13 c",
        "notas": "Las esquinas están tocadas al quitar la tapa trasera la pintura de descorcho",
        "tipoDispositivo": "MOVIL"
      },
      {
        "clienteId": 13,
        "costoEstimado": 360.58,
        "costoFinal": 360.58,
        "descripcionProblema": "Pantalla y batería rota",
        "descripcionSolucion": "Cambio de pantalla y batería",
        "estado": "LISTO",
        "fechaAdmision": 1768499167802,
        "fechaEntrega": 1768499167802,
        "id": 17,
        "marca": "Samsung",
        "modelo": "S22 Ultra",
        "tipoDispositivo": "MOVIL"
      },
      {
        "clienteId": 12,
        "costoEstimado": 90.75,
        "costoFinal": 90.75,
        "descripcionProblema": "Pantalla y batería mal",
        "descripcionSolucion": "Cambio de pantalla y batería",
        "estado": "LISTO",
        "fechaAdmision": 1768498870560,
        "fechaEntrega": 1768498870560,
        "id": 16,
        "marca": "Huawei",
        "modelo": "Y9",
        "tipoDispositivo": "MOVIL"
      },
      {
        "clienteId": 11,
        "costoEstimado": 86.15,
        "costoFinal": 86.15,
        "descripcionProblema": "Pantalla rota",
        "descripcionSolucion": "Cambiar pantalla",
        "estado": "LISTO",
        "fechaAdmision": 1768498566539,
        "fechaEntrega": 1768498566539,
        "id": 15,
        "marca": "Iphone",
        "modelo": "11",
        "notas": "No sabe Pin",
        "tipoDispositivo": "MOVIL"
      },
      {
        "clienteId": 10,
        "costoEstimado": 60.5,
        "costoFinal": 60.5,
        "descripcionProblema": "Pantalla rota",
        "descripcionSolucion": "Cambio de pantalla",
        "estado": "LISTO",
        "fechaAdmision": 1768498336887,
        "fechaEntrega": 1768498336887,
        "id": 14,
        "marca": "Motorola",
        "modelo": "G54",
        "tipoDispositivo": "MOVIL"
      },
      {
        "clienteId": 9,
        "costoEstimado": 66.93,
        "costoFinal": 66.93,
        "descripcionProblema": "Pantalla rota",
        "descripcionSolucion": "Cambio de pantalla",
        "estado": "LISTO",
        "fechaAdmision": 1767639667678,
        "fechaEntrega": 1767639667678,
        "id": 13,
        "marca": "Samsung",
        "modelo": "Tab A7",
        "tipoDispositivo": "MOVIL"
      },
      {
        "clienteId": 8,
        "costoEstimado": 65.0,
        "costoFinal": 65.0,
        "descripcionProblema": "Pantalla rota",
        "descripcionSolucion": "Cambiar pantalla",
        "estado": "LISTO",
        "fechaAdmision": 1767639393265,
        "fechaEntrega": 1767639393265,
        "id": 12,
        "marca": "Realme",
        "modelo": "C30",
        "tipoDispositivo": "MOVIL"
      },
      {
        "clienteId": 7,
        "costoEstimado": 65.34,
        "costoFinal": 65.34,
        "descripcionProblema": "Pantalla rota",
        "descripcionSolucion": "Cambio de pantalla",
        "estado": "LISTO",
        "fechaAdmision": 1767638714900,
        "fechaEntrega": 1767638714900,
        "id": 11,
        "marca": "Samsung",
        "modelo": "A12",
        "tipoDispositivo": "MOVIL"
      },
      {
        "clienteId": 6,
        "costoEstimado": 60.5,
        "costoFinal": 60.5,
        "descripcionProblema": "Pantalla rota",
        "descripcionSolucion": "Cambio de pantalla",
        "estado": "LISTO",
        "fechaAdmision": 1767638443794,
        "fechaEntrega": 1767638443794,
        "id": 10,
        "marca": "Xiaomi",
        "modelo": "Redmi 12",
        "tipoDispositivo": "MOVIL"
      },
      {
        "clienteId": 5,
        "descripcionProblema": "Pantalla rota",
        "descripcionSolucion": "Cambio de pantalla",
        "estado": "LISTO",
        "fechaAdmision": 1767637909322,
        "fechaEntrega": 1767637909322,
        "id": 9,
        "marca": "Samsung",
        "modelo": "A14",
        "tipoDispositivo": "MOVIL"
      },
      {
        "clienteId": 5,
        "descripcionProblema": "Pantalla Rota",
        "descripcionSolucion": "Cambio de pantalla",
        "estado": "LISTO",
        "fechaAdmision": 1767637668664,
        "fechaEntrega": 1767637668664,
        "id": 8,
        "marca": "Samsung",
        "modelo": "A52S",
        "tipoDispositivo": "MOVIL"
      },
      {
        "clienteId": 4,
        "costoEstimado": 35.0,
        "costoFinal": 35.0,
        "descripcionProblema": "Virus",
        "descripcionSolucion": "Mantenimiento",
        "estado": "LISTO",
        "fechaAdmision": 1767637220835,
        "fechaEntrega": 1767637220835,
        "id": 7,
        "marca": "Hp",
        "modelo": "Hp",
        "tipoDispositivo": "ORDENADOR"
      },
      {
        "clienteId": 4,
        "costoEstimado": 217.0,
        "costoFinal": 217.0,
        "descripcionProblema": "Pantalla rota",
        "descripcionSolucion": "Cambio de pantalla",
        "estado": "LISTO",
        "fechaAdmision": 1767637154244,
        "fechaEntrega": 1767637154244,
        "id": 6,
        "marca": "Samsung",
        "modelo": "S21 Ultra 5g",
        "tipoDispositivo": "MOVIL"
      },
      {
        "clienteId": 3,
        "costoEstimado": 35.0,
        "costoFinal": 35.0,
        "descripcionProblema": "Joystick izquierdo mal",
        "descripcionSolucion": "Cambio de joystick",
        "estado": "LISTO",
        "fechaAdmision": 1767548959446,
        "fechaEntrega": 1767548959446,
        "id": 5,
        "marca": "Sony",
        "modelo": "PS5",
        "tipoDispositivo": "CONSOLA"
      },
      {
        "clienteId": 3,
        "costoEstimado": 115.0,
        "costoFinal": 115.0,
        "descripcionProblema": "Hdmi roto",
        "descripcionSolucion": "Cambio hdmi + limpieza interna",
        "estado": "LISTO",
        "fechaAdmision": 1767544862349,
        "fechaEntrega": 1767544862349,
        "id": 4,
        "marca": "Sony",
        "modelo": "PS5",
        "tipoDispositivo": "CONSOLA"
      },
      {
        "clienteId": 1,
        "costoEstimado": 35.0,
        "costoFinal": 35.0,
        "descripcionProblema": "No carga",
        "descripcionSolucion": "Cambio modulo de carga",
        "estado": "LISTO",
        "fechaAdmision": 1767456194805,
        "fechaEntrega": 1767456194805,
        "id": 3,
        "marca": "Samsung",
        "modelo": "A05S",
        "tipoDispositivo": "MOVIL"
      },
      {
        "clienteId": 1,
        "costoEstimado": 105.0,
        "costoFinal": 105.0,
        "descripcionProblema": "Pantalla rota",
        "descripcionSolucion": "Cambio de pantalla",
        "estado": "LISTO",
        "fechaAdmision": 1767456138061,
        "fechaEntrega": 1767456138061,
        "id": 2,
        "marca": "Samsung",
        "modelo": "S24",
        "tipoDispositivo": "MOVIL"
      },
      {
        "clienteId": 1,
        "costoEstimado": 82.0,
        "costoFinal": 82.0,
        "descripcionProblema": "Pantalla en blanco",
        "descripcionSolucion": "Cambiar pantalla",
        "estado": "LISTO",
        "fechaAdmision": 1767456088433,
        "fechaEntrega": 1767456088433,
        "id": 1,
        "marca": "Iphone",
        "modelo": "13 pro máx",
        "notas": "Tiene la tapa trasera rota, no se pudo probar la pantalla no sabía el pin",
        "tipoDispositivo": "MOVIL"
      }
    ]
  },
  "timestamp": 1769643120819,
  "version": 2
}